Entity,Code,Year,Deaths - Neoplasms - Sex: Both - Age: Age-standardized (Rate),"GDP per capita, PPP (constant 2017 international $)",Population (historical estimates),Continent
North America,,1990,,39390.19531,421575397,
North America,,1991,,38828.51953,427934509,
North America,,1992,,39650.29297,434703257,
North America,,1993,,40216.55078,441450384,
North America,,1994,,41331.8125,448069901,
North America,,1995,,41945.63672,454557639,
North America,,1996,,43029.49219,460925637,
North America,,1997,,44386.74609,467334865,
North America,,1998,,45797.53906,473719801,
North America,,1999,,47415.69531,479976626,
North America,,2000,,48863.38672,486364446,
North America,,2001,,48876.24609,492319208,
North America,,2002,,49320.98828,498067243,
North America,,2003,,50331.375,503641588,
North America,,2004,,51765.92578,509273976,
North America,,2005,,53149.86328,514942529,
North America,,2006,,54194.42969,520586895,
North America,,2007,,54898.81641,526315123,
North America,,2008,,54351.28516,532006442,
North America,,2009,,52478.36719,537567761,
North America,,2010,,53386.15625,543052879,
North America,,2011,,53877.70703,548684151,
North America,,2012,,54644.75,554435782,
North America,,2013,,55268.98047,560056144,
North America,,2014,,56250.78516,565486685,
North America,,2015,,57440.39844,570726015,
North America,,2016,,57944.19922,576008328,
North America,,2017,,58922.11328,581258143,
North America,,2018,,60303.73047,585864285,
North America,,2019,,61251.44922,590497015,
North America,,2020,,58496.77734,594263186,
North America,,-10000,,,1179199,
North America,,-9000,,,1423041,
North America,,-8000,,,1722408,
North America,,-7000,,,2090695,
North America,,-6000,,,2544659,
North America,,-5000,,,3105304,
North America,,-4000,,,3798975,
North America,,-3000,,,4658938,
North America,,-2000,,,5727195,
North America,,-1000,,,7057115,
North America,,0,,,8717237,
North America,,100,,,9219099,
North America,,200,,,9752458,
North America,,300,,,10319944,
North America,,400,,,10924257,
North America,,500,,,11568840,
North America,,600,,,12257449,
North America,,700,,,12994596,
North America,,800,,,13785816,
North America,,900,,,15945382,
North America,,1000,,,18135328,
North America,,1100,,,20495163,
North America,,1200,,,22955579,
North America,,1300,,,25469810,
North America,,1400,,,28148490,
North America,,1500,,,30992776,
North America,,1600,,,3812990,
North America,,1700,,,6768114,
North America,,1710,,,7647262,
North America,,1720,,,8548138,
North America,,1730,,,9479092,
North America,,1740,,,10417980,
North America,,1750,,,11396206,
North America,,1760,,,12411277,
North America,,1770,,,13470946,
North America,,1780,,,14598427,
North America,,1790,,,15788577,
North America,,1800,,,14745403,
North America,,1801,,,14506664,
North America,,1802,,,14733662,
North America,,1803,,,14966652,
North America,,1804,,,15205815,
North America,,1805,,,15451352,
North America,,1806,,,15703478,
North America,,1807,,,15962416,
North America,,1808,,,16228407,
North America,,1809,,,16501714,
North America,,1810,,,17346020,
North America,,1811,,,17168190,
North America,,1812,,,17530114,
North America,,1813,,,17905210,
North America,,1814,,,18296295,
North America,,1815,,,18698200,
North America,,1816,,,19111256,
North America,,1817,,,19535795,
North America,,1818,,,19972164,
North America,,1819,,,20397212,
North America,,1820,,,21397893,
North America,,1821,,,21208453,
North America,,1822,,,21604611,
North America,,1823,,,21972009,
North America,,1824,,,22361625,
North America,,1825,,,22763852,
North America,,1826,,,23179102,
North America,,1827,,,23607797,
North America,,1828,,,24050385,
North America,,1829,,,24511843,
North America,,1830,,,25633683,
North America,,1831,,,25491153,
North America,,1832,,,26008850,
North America,,1833,,,26554254,
North America,,1834,,,27103458,
North America,,1835,,,27659879,
North America,,1836,,,28239150,
North America,,1837,,,28833568,
North America,,1838,,,29443559,
North America,,1839,,,30082208,
North America,,1840,,,31454754,
North America,,1841,,,31456494,
North America,,1842,,,32180988,
North America,,1843,,,32955355,
North America,,1844,,,33731492,
North America,,1845,,,34540056,
North America,,1846,,,35371745,
North America,,1847,,,36227256,
North America,,1848,,,37107333,
North America,,1849,,,38015252,
North America,,1850,,,39757631,
North America,,1851,,,39917221,
North America,,1852,,,40889813,
North America,,1853,,,41902955,
North America,,1854,,,42943727,
North America,,1855,,,44012926,
North America,,1856,,,45111361,
North America,,1857,,,46239872,
North America,,1858,,,47399324,
North America,,1859,,,48511644,
North America,,1860,,,50493357,
North America,,1861,,,50597728,
North America,,1862,,,51542680,
North America,,1863,,,52442886,
North America,,1864,,,53362533,
North America,,1865,,,54302055,
North America,,1866,,,55261898,
North America,,1867,,,56242524,
North America,,1868,,,57244394,
North America,,1869,,,58281938,
North America,,1870,,,60400931,
North America,,1871,,,60485302,
North America,,1872,,,61615020,
North America,,1873,,,62801709,
North America,,1874,,,64013402,
North America,,1875,,,65250618,
North America,,1876,,,66513901,
North America,,1877,,,67803792,
North America,,1878,,,69120854,
North America,,1879,,,70462106,
North America,,1880,,,73007281,
North America,,1881,,,73238140,
North America,,1882,,,74635186,
North America,,1883,,,76077444,
North America,,1884,,,77549615,
North America,,1885,,,79054950,
North America,,1886,,,80586312,
North America,,1887,,,82152172,
North America,,1888,,,83750619,
North America,,1889,,,85330985,
North America,,1890,,,88202528,
North America,,1891,,,88456321,
North America,,1892,,,89950858,
North America,,1893,,,91445931,
North America,,1894,,,92967520,
North America,,1895,,,94516097,
North America,,1896,,,96092149,
North America,,1897,,,97696165,
North America,,1898,,,99328658,
North America,,1899,,,101021282,
North America,,1900,,,104231973,
North America,,1901,,,104616860,
North America,,1902,,,106477643,
North America,,1903,,,108428724,
North America,,1904,,,110417960,
North America,,1905,,,112446137,
North America,,1906,,,114514037,
North America,,1907,,,116622474,
North America,,1908,,,118772271,
North America,,1909,,,120825361,
North America,,1910,,,124487422,
North America,,1911,,,124659444,
North America,,1912,,,126373739,
North America,,1913,,,128008940,
North America,,1914,,,129670121,
North America,,1915,,,131357719,
North America,,1916,,,133072189,
North America,,1917,,,134813988,
North America,,1918,,,136628244,
North America,,1919,,,138516702,
North America,,1920,,,142422826,
North America,,1921,,,142550732,
North America,,1922,,,144637581,
North America,,1923,,,146833208,
North America,,1924,,,149063416,
North America,,1925,,,151328781,
North America,,1926,,,153629888,
North America,,1927,,,155967344,
North America,,1928,,,158341743,
North America,,1929,,,160564224,
North America,,1930,,,164821906,
North America,,1931,,,164566753,
North America,,1932,,,166283267,
North America,,1933,,,167860822,
North America,,1934,,,169456951,
North America,,1935,,,171071933,
North America,,1936,,,172706048,
North America,,1937,,,174359583,
North America,,1938,,,176032835,
North America,,1939,,,178032106,
North America,,1940,,,182737357,
North America,,1941,,,182857555,
North America,,1942,,,185763775,
North America,,1943,,,189007803,
North America,,1944,,,192304197,
North America,,1945,,,195674642,
North America,,1946,,,199120551,
North America,,1947,,,202624094,
North America,,1948,,,206206492,
North America,,1949,,,209978736,
North America,,1950,,,217078493,
North America,,1951,,,220921951,
North America,,1952,,,225040618,
North America,,1953,,,229381691,
North America,,1954,,,234024926,
North America,,1955,,,238891598,
North America,,1956,,,243833832,
North America,,1957,,,248844412,
North America,,1958,,,254195090,
North America,,1959,,,259556906,
North America,,1960,,,264916376,
North America,,1961,,,269992478,
North America,,1962,,,275281702,
North America,,1963,,,280538351,
North America,,1964,,,285767926,
North America,,1965,,,290870105,
North America,,1966,,,295724864,
North America,,1967,,,300431421,
North America,,1968,,,305159077,
North America,,1969,,,310053134,
North America,,1970,,,315691695,
North America,,1971,,,321049543,
North America,,1972,,,326320039,
North America,,1973,,,331321157,
North America,,1974,,,336273223,
North America,,1975,,,341300296,
North America,,1976,,,346309935,
North America,,1977,,,351506528,
North America,,1978,,,357016142,
North America,,1979,,,362654436,
North America,,1980,,,368574942,
North America,,1981,,,373589053,
North America,,1982,,,378615781,
North America,,1983,,,383734903,
North America,,1984,,,388847666,
North America,,1985,,,393949236,
North America,,1986,,,399045023,
North America,,1987,,,404153729,
North America,,1988,,,409453275,
North America,,1989,,,415061982,
North America,,2021,,,597123384,
North America (WB),,1990,168.77,,,
North America (WB),,1991,167.68,,,
North America (WB),,1992,166.67,,,
North America (WB),,1993,168.06,,,
North America (WB),,1994,167.69,,,
North America (WB),,1995,167.48,,,
North America (WB),,1996,165.21,,,
North America (WB),,1997,162.77,,,
North America (WB),,1998,161.42,,,
North America (WB),,1999,161.13,,,
North America (WB),,2000,159.74,,,
North America (WB),,2001,158.2,,,
North America (WB),,2002,156.74,,,
North America (WB),,2003,154.58,,,
North America (WB),,2004,151.29,,,
North America (WB),,2005,149.88,,,
North America (WB),,2006,148.15,,,
North America (WB),,2007,146.44,,,
North America (WB),,2008,145.62,,,
North America (WB),,2009,144.1,,,
North America (WB),,2010,141.48,,,
North America (WB),,2011,140.65,,,
North America (WB),,2012,139.28,,,
North America (WB),,2013,137.97,,,
North America (WB),,2014,137.11,,,
North America (WB),,2015,136.09,,,
North America (WB),,2016,135.89,,,
North America (WB),,2017,134.8,,,
North America (WB),,2018,136.02,,,
North America (WB),,2019,136.93,,,
Puerto Rico,PRI,1990,126.45,21595.98438,3543785,
Puerto Rico,PRI,1991,125.47,21937.89844,3578449,
Puerto Rico,PRI,1992,125,22791.57031,3612634,
Puerto Rico,PRI,1993,125.45,23650.11523,3645019,
Puerto Rico,PRI,1994,122.36,24412.28125,3675747,
Puerto Rico,PRI,1995,125.15,25288.11328,3704948,
Puerto Rico,PRI,1996,123.68,25584.56641,3732817,
Puerto Rico,PRI,1997,117.2,26584.90625,3759526,
Puerto Rico,PRI,1998,121.11,27894.44922,3785240,
Puerto Rico,PRI,1999,115,29251.04492,3810114,
Puerto Rico,PRI,2000,113.23,30124.70117,3827104,
Puerto Rico,PRI,2001,113.98,31958.10547,3832138,
Puerto Rico,PRI,2002,108.58,32209.43164,3830775,
Puerto Rico,PRI,2003,108.51,32206.47266,3825629,
Puerto Rico,PRI,2004,108.95,35016.94531,3817033,
Puerto Rico,PRI,2005,107.71,34370.72266,3805560,
Puerto Rico,PRI,2006,105.13,34030.09766,3791559,
Puerto Rico,PRI,2007,105.07,33831.94141,3775446,
Puerto Rico,PRI,2008,104.61,33403.43359,3757617,
Puerto Rico,PRI,2009,106.12,32930.37109,3738934,
Puerto Rico,PRI,2010,101.55,32960.69922,3717920,
Puerto Rico,PRI,2011,105.45,33224.57422,3691615,
Puerto Rico,PRI,2012,99.68,33638.875,3657989,
Puerto Rico,PRI,2013,100.7,33922.16797,3615028,
Puerto Rico,PRI,2014,98.14,34070.26172,3560008,
Puerto Rico,PRI,2015,93.71,34311.03906,3497335,North America
Puerto Rico,PRI,2016,95.64,34539.59375,3432745,
Puerto Rico,PRI,2017,96.12,34363.75391,3366407,
Puerto Rico,PRI,2018,96.55,34299.36719,3319269,
Puerto Rico,PRI,2019,96.13,34804.94531,3292888,
Puerto Rico,PRI,2020,,32551.06836,3271570,
Puerto Rico,PRI,-6000,,,0,
Puerto Rico,PRI,-5000,,,0,
Puerto Rico,PRI,-4000,,,0,
Puerto Rico,PRI,-3000,,,1,
Puerto Rico,PRI,-2000,,,2,
Puerto Rico,PRI,-1000,,,5,
Puerto Rico,PRI,0,,,10,
Puerto Rico,PRI,100,,,15,
Puerto Rico,PRI,200,,,23,
Puerto Rico,PRI,300,,,35,
Puerto Rico,PRI,400,,,53,
Puerto Rico,PRI,500,,,79,
Puerto Rico,PRI,600,,,119,
Puerto Rico,PRI,700,,,179,
Puerto Rico,PRI,800,,,269,
Puerto Rico,PRI,900,,,403,
Puerto Rico,PRI,1000,,,605,
Puerto Rico,PRI,1100,,,908,
Puerto Rico,PRI,1200,,,1363,
Puerto Rico,PRI,1300,,,2044,
Puerto Rico,PRI,1400,,,3067,
Puerto Rico,PRI,1500,,,4600,
Puerto Rico,PRI,1600,,,6900,
Puerto Rico,PRI,1700,,,10351,
Puerto Rico,PRI,1710,,,13488,
Puerto Rico,PRI,1720,,,17575,
Puerto Rico,PRI,1730,,,22901,
Puerto Rico,PRI,1740,,,29841,
Puerto Rico,PRI,1750,,,38883,
Puerto Rico,PRI,1760,,,50666,
Puerto Rico,PRI,1770,,,66020,
Puerto Rico,PRI,1780,,,86026,
Puerto Rico,PRI,1790,,,112095,
Puerto Rico,PRI,1800,,,146063,
Puerto Rico,PRI,1810,,,190325,
Puerto Rico,PRI,1820,,,248000,
Puerto Rico,PRI,1830,,,299428,
Puerto Rico,PRI,1840,,,350856,
Puerto Rico,PRI,1850,,,440819,
Puerto Rico,PRI,1860,,,537637,
Puerto Rico,PRI,1870,,,644736,
Puerto Rico,PRI,1880,,,753992,
Puerto Rico,PRI,1890,,,861685,
Puerto Rico,PRI,1900,,,981410,
Puerto Rico,PRI,1910,,,1209433,
Puerto Rico,PRI,1920,,,1437456,
Puerto Rico,PRI,1930,,,1665478,
Puerto Rico,PRI,1940,,,1893499,
Puerto Rico,PRI,1950,,,2229747,
Puerto Rico,PRI,1951,,,2250412,
Puerto Rico,PRI,1952,,,2269210,
Puerto Rico,PRI,1953,,,2284819,
Puerto Rico,PRI,1954,,,2298020,
Puerto Rico,PRI,1955,,,2309785,
Puerto Rico,PRI,1956,,,2320575,
Puerto Rico,PRI,1957,,,2329617,
Puerto Rico,PRI,1958,,,2336800,
Puerto Rico,PRI,1959,,,2343695,
Puerto Rico,PRI,1960,,,2365078,
Puerto Rico,PRI,1961,,,2404222,
Puerto Rico,PRI,1962,,,2446295,
Puerto Rico,PRI,1963,,,2486864,
Puerto Rico,PRI,1964,,,2526157,
Puerto Rico,PRI,1965,,,2564282,
Puerto Rico,PRI,1966,,,2601200,
Puerto Rico,PRI,1967,,,2636742,
Puerto Rico,PRI,1968,,,2670535,
Puerto Rico,PRI,1969,,,2701799,
Puerto Rico,PRI,1970,,,2737624,
Puerto Rico,PRI,1971,,,2782015,
Puerto Rico,PRI,1972,,,2829188,
Puerto Rico,PRI,1973,,,2876680,
Puerto Rico,PRI,1974,,,2924359,
Puerto Rico,PRI,1975,,,2972272,
Puerto Rico,PRI,1976,,,3020463,
Puerto Rico,PRI,1977,,,3068873,
Puerto Rico,PRI,1978,,,3117176,
Puerto Rico,PRI,1979,,,3166209,
Puerto Rico,PRI,1980,,,3214573,
Puerto Rico,PRI,1981,,,3259448,
Puerto Rico,PRI,1982,,,3301072,
Puerto Rico,PRI,1983,,,3339378,
Puerto Rico,PRI,1984,,,3374438,
Puerto Rico,PRI,1985,,,3406278,
Puerto Rico,PRI,1986,,,3434975,
Puerto Rico,PRI,1987,,,3461929,
Puerto Rico,PRI,1988,,,3487969,
Puerto Rico,PRI,1989,,,3513738,
Puerto Rico,PRI,2021,,,3256030,
United States,USA,1990,168.98,40436.9375,248083728,
United States,USA,1991,167.9,39856.99219,251560192,
United States,USA,1992,166.9,40692.63672,255175328,
United States,USA,1993,168.43,41264.65625,258779760,
United States,USA,1994,168.16,42403.92578,262273584,
United States,USA,1995,168.02,43026.71875,265660560,
United States,USA,1996,165.7,44133.48047,268984352,
United States,USA,1997,163.2,45516.00391,272395424,
United States,USA,1998,161.84,47004.61328,275835008,
United States,USA,1999,161.72,48676.66016,279181568,
United States,USA,2000,160.38,50124.89063,282398560,
United States,USA,2001,158.95,50126.71875,285470496,
United States,USA,2002,157.57,50528.78906,288350240,
United States,USA,2003,155.18,51529.72656,291109824,
United States,USA,2004,151.64,52994.55078,293947872,
United States,USA,2005,150.18,54353.07031,296842656,
United States,USA,2006,148.41,55368.35938,299753088,
United States,USA,2007,146.5,55873.24609,302743392,
United States,USA,2008,145.71,55271.65625,305694912,
United States,USA,2009,144.25,53399.36719,308512032,
United States,USA,2010,141.68,54315.91406,311182848,
United States,USA,2011,140.97,54758.83203,313876608,
United States,USA,2012,139.54,55581.41406,316651328,
United States,USA,2013,138.23,56214.42969,319375168,
United States,USA,2014,137.31,57213.26953,322033952,
United States,USA,2015,136.43,58540.29688,324607776,North America
United States,USA,2016,136.36,59112.24219,327210208,
United States,USA,2017,135.26,60109.65625,329791232,
United States,USA,2018,136.38,61585.75781,332140032,
United States,USA,2019,137.37,62630.875,334319680,
United States,USA,2020,,59919.82031,335942016,
United States,USA,-10000,,,233969,
United States,USA,-9000,,,259964,
United States,USA,-8000,,,288850,
United States,USA,-7000,,,320944,
United States,USA,-6000,,,356604,
United States,USA,-5000,,,396229,
United States,USA,-4000,,,440249,
United States,USA,-3000,,,489169,
United States,USA,-2000,,,543529,
United States,USA,-1000,,,603914,
United States,USA,0,,,671012,
United States,USA,100,,,702962,
United States,USA,200,,,736442,
United States,USA,300,,,771516,
United States,USA,400,,,808254,
United States,USA,500,,,846752,
United States,USA,600,,,887088,
United States,USA,700,,,929358,
United States,USA,800,,,973675,
United States,USA,900,,,1095492,
United States,USA,1000,,,1217409,
United States,USA,1100,,,1311479,
United States,USA,1200,,,1452829,
United States,USA,1300,,,1571686,
United States,USA,1400,,,1739206,
United States,USA,1500,,,1887029,
United States,USA,1600,,,778503,
United States,USA,1700,,,927085,
United States,USA,1710,,,1372811,
United States,USA,1720,,,1818513,
United States,USA,1730,,,2264235,
United States,USA,1740,,,2709945,
United States,USA,1750,,,3155674,
United States,USA,1760,,,3601432,
United States,USA,1770,,,4047133,
United States,USA,1780,,,4492807,
United States,USA,1790,,,4938626,
United States,USA,1800,,,6000000,
United States,USA,1801,,,6113782,
United States,USA,1802,,,6229723,
United States,USA,1803,,,6347862,
United States,USA,1804,,,6468241,
United States,USA,1805,,,6590903,
United States,USA,1806,,,6715891,
United States,USA,1807,,,6843249,
United States,USA,1808,,,6973023,
United States,USA,1809,,,7105258,
United States,USA,1810,,,7302908,
United States,USA,1811,,,7502686,
United States,USA,1812,,,7728031,
United States,USA,1813,,,7980135,
United States,USA,1814,,,8240464,
United States,USA,1815,,,8509285,
United States,USA,1816,,,8786876,
United States,USA,1817,,,9073523,
United States,USA,1818,,,9369520,
United States,USA,1819,,,9667277,
United States,USA,1820,,,9966626,
United States,USA,1821,,,10267384,
United States,USA,1822,,,10569360,
United States,USA,1823,,,10872345,
United States,USA,1824,,,11184015,
United States,USA,1825,,,11504621,
United States,USA,1826,,,11834416,
United States,USA,1827,,,12173666,
United States,USA,1828,,,12522641,
United States,USA,1829,,,12879737,
United States,USA,1830,,,13245133,
United States,USA,1831,,,13619015,
United States,USA,1832,,,14001568,
United States,USA,1833,,,14392986,
United States,USA,1834,,,14795346,
United States,USA,1835,,,15208954,
United States,USA,1836,,,15634125,
United States,USA,1837,,,16071181,
United States,USA,1838,,,16520455,
United States,USA,1839,,,16991513,
United States,USA,1840,,,17485246,
United States,USA,1841,,,18002579,
United States,USA,1842,,,18544472,
United States,USA,1843,,,19111919,
United States,USA,1844,,,19696730,
United States,USA,1845,,,20299435,
United States,USA,1846,,,20920583,
United States,USA,1847,,,21560737,
United States,USA,1848,,,22220480,
United States,USA,1849,,,22899875,
United States,USA,1850,,,23599506,
United States,USA,1851,,,24309683,
United States,USA,1852,,,25040692,
United States,USA,1853,,,25793143,
United States,USA,1854,,,26568199,
United States,USA,1855,,,27366540,
United States,USA,1856,,,28188865,
United States,USA,1857,,,29035895,
United States,USA,1858,,,29908371,
United States,USA,1859,,,30763983,
United States,USA,1860,,,31601240,
United States,USA,1861,,,32418583,
United States,USA,1862,,,33214384,
United States,USA,1863,,,33986941,
United States,USA,1864,,,34777462,
United States,USA,1865,,,35586364,
United States,USA,1866,,,36414073,
United States,USA,1867,,,37261027,
United States,USA,1868,,,38127674,
United States,USA,1869,,,39007998,
United States,USA,1870,,,39902173,
United States,USA,1871,,,40810375,
United States,USA,1872,,,41732783,
United States,USA,1873,,,42669573,
United States,USA,1874,,,43627383,
United States,USA,1875,,,44606685,
United States,USA,1876,,,45607961,
United States,USA,1877,,,46631704,
United States,USA,1878,,,47678418,
United States,USA,1879,,,48749140,
United States,USA,1880,,,49844419,
United States,USA,1881,,,50964818,
United States,USA,1882,,,52110912,
United States,USA,1883,,,53283291,
United States,USA,1884,,,54482036,
United States,USA,1885,,,55707739,
United States,USA,1886,,,56961007,
United States,USA,1887,,,58242459,
United States,USA,1888,,,59552729,
United States,USA,1889,,,60843105,
United States,USA,1890,,,62112247,
United States,USA,1891,,,63358765,
United States,USA,1892,,,64581224,
United States,USA,1893,,,65778137,
United States,USA,1894,,,66997221,
United States,USA,1895,,,68238885,
United States,USA,1896,,,69503549,
United States,USA,1897,,,70791637,
United States,USA,1898,,,72103583,
United States,USA,1899,,,73449404,
United States,USA,1900,,,74829905,
United States,USA,1901,,,76245912,
United States,USA,1902,,,77698268,
United States,USA,1903,,,79187838,
United States,USA,1904,,,80705948,
United States,USA,1905,,,82253148,
United States,USA,1906,,,83829992,
United States,USA,1907,,,85437050,
United States,USA,1908,,,87074899,
United States,USA,1909,,,88647362,
United States,USA,1910,,,90151889,
United States,USA,1911,,,91585865,
United States,USA,1912,,,92946603,
United States,USA,1913,,,94231351,
United States,USA,1914,,,95533839,
United States,USA,1915,,,96854312,
United States,USA,1916,,,98193018,
United States,USA,1917,,,99550208,
United States,USA,1918,,,100970120,
United States,USA,1919,,,102419259,
United States,USA,1920,,,103898175,
United States,USA,1921,,,105407425,
United States,USA,1922,,,106947578,
United States,USA,1923,,,108519213,
United States,USA,1924,,,110113945,
United States,USA,1925,,,111732111,
United States,USA,1926,,,113374057,
United States,USA,1927,,,115040131,
United States,USA,1928,,,116730690,
United States,USA,1929,,,118261782,
United States,USA,1930,,,119629770,
United States,USA,1931,,,120830953,
United States,USA,1932,,,121861566,
United States,USA,1933,,,122717780,
United States,USA,1934,,,123580010,
United States,USA,1935,,,124448298,
United States,USA,1936,,,125322686,
United States,USA,1937,,,126203219,
United States,USA,1938,,,127089938,
United States,USA,1939,,,128160070,
United States,USA,1940,,,129417367,
United States,USA,1941,,,130865641,
United States,USA,1942,,,132508765,
United States,USA,1943,,,134350677,
United States,USA,1944,,,136218191,
United States,USA,1945,,,138111665,
United States,USA,1946,,,140031458,
United States,USA,1947,,,141977937,
United States,USA,1948,,,143951473,
United States,USA,1949,,,146051521,
United States,USA,1950,,,148281552,
United States,USA,1951,,,150598448,
United States,USA,1952,,,152941728,
United States,USA,1953,,,155451200,
United States,USA,1954,,,158205872,
United States,USA,1955,,,161136448,
United States,USA,1956,,,164063408,
United States,USA,1957,,,166949120,
United States,USA,1958,,,170147104,
United States,USA,1959,,,173324608,
United States,USA,1960,,,176188576,
United States,USA,1961,,,179087280,
United States,USA,1962,,,181917808,
United States,USA,1963,,,184649872,
United States,USA,1964,,,187277376,
United States,USA,1965,,,189703280,
United States,USA,1966,,,191830976,
United States,USA,1967,,,193782432,
United States,USA,1968,,,195743424,
United States,USA,1969,,,197859328,
United States,USA,1970,,,200328336,
United States,USA,1971,,,202907920,
United States,USA,1972,,,205238384,
United States,USA,1973,,,207314768,
United States,USA,1974,,,209277968,
United States,USA,1975,,,211274544,
United States,USA,1976,,,213270032,
United States,USA,1977,,,215437408,
United States,USA,1978,,,217881440,
United States,USA,1979,,,220463104,
United States,USA,1980,,,223140016,
United States,USA,1981,,,225654000,
United States,USA,1982,,,228001424,
United States,USA,1983,,,230389968,
United States,USA,1984,,,232766288,
United States,USA,1985,,,235146176,
United States,USA,1986,,,237512784,
United States,USA,1987,,,239853168,
United States,USA,1988,,,242287808,
United States,USA,1989,,,244954096,
United States,USA,2021,,,336997632,
United States Virgin Islands,VIR,1990,157.72,,100699,
United States Virgin Islands,VIR,1991,157.24,,100991,
United States Virgin Islands,VIR,1992,158.1,,101546,
United States Virgin Islands,VIR,1993,159.71,,102157,
United States Virgin Islands,VIR,1994,162.17,,102653,
United States Virgin Islands,VIR,1995,159.96,,103468,
United States Virgin Islands,VIR,1996,160.54,,104648,
United States Virgin Islands,VIR,1997,159.68,,105801,
United States Virgin Islands,VIR,1998,159.45,,106879,
United States Virgin Islands,VIR,1999,161.82,,107842,
United States Virgin Islands,VIR,2000,162.65,,108199,
United States Virgin Islands,VIR,2001,163.4,,108019,
United States Virgin Islands,VIR,2002,163.53,,107742,
United States Virgin Islands,VIR,2003,163.41,,107303,
United States Virgin Islands,VIR,2004,163.91,,106758,
United States Virgin Islands,VIR,2005,164.12,,106499,
United States Virgin Islands,VIR,2006,167.92,,106531,
United States Virgin Islands,VIR,2007,189.45,,106524,
United States Virgin Islands,VIR,2008,190.95,,106493,
United States Virgin Islands,VIR,2009,192.07,,106476,
United States Virgin Islands,VIR,2010,193.29,,106154,
United States Virgin Islands,VIR,2011,193.32,,105491,
United States Virgin Islands,VIR,2012,193.42,,104780,
United States Virgin Islands,VIR,2013,192.56,,104070,
United States Virgin Islands,VIR,2014,191.55,,103393,
United States Virgin Islands,VIR,2015,191.13,,102808,North America
United States Virgin Islands,VIR,2016,188.31,,102330,
United States Virgin Islands,VIR,2017,187.01,,101860,
United States Virgin Islands,VIR,2018,185.68,,101377,
United States Virgin Islands,VIR,2019,184.32,,100837,
United States Virgin Islands,VIR,200,,,0,
United States Virgin Islands,VIR,300,,,0,
United States Virgin Islands,VIR,400,,,0,
United States Virgin Islands,VIR,500,,,1,
United States Virgin Islands,VIR,600,,,2,
United States Virgin Islands,VIR,700,,,5,
United States Virgin Islands,VIR,800,,,10,
United States Virgin Islands,VIR,900,,,21,
United States Virgin Islands,VIR,1000,,,43,
United States Virgin Islands,VIR,1100,,,86,
United States Virgin Islands,VIR,1200,,,173,
United States Virgin Islands,VIR,1300,,,346,
United States Virgin Islands,VIR,1400,,,692,
United States Virgin Islands,VIR,1500,,,1385,
United States Virgin Islands,VIR,1600,,,2771,
United States Virgin Islands,VIR,1700,,,5543,
United States Virgin Islands,VIR,1710,,,6236,
United States Virgin Islands,VIR,1720,,,7016,
United States Virgin Islands,VIR,1730,,,7893,
United States Virgin Islands,VIR,1740,,,8880,
United States Virgin Islands,VIR,1750,,,9990,
United States Virgin Islands,VIR,1760,,,11239,
United States Virgin Islands,VIR,1770,,,12644,
United States Virgin Islands,VIR,1780,,,14224,
United States Virgin Islands,VIR,1790,,,16002,
United States Virgin Islands,VIR,1800,,,18003,
United States Virgin Islands,VIR,1810,,,20253,
United States Virgin Islands,VIR,1820,,,20294,
United States Virgin Islands,VIR,1830,,,20334,
United States Virgin Islands,VIR,1840,,,20375,
United States Virgin Islands,VIR,1850,,,20416,
United States Virgin Islands,VIR,1860,,,20457,
United States Virgin Islands,VIR,1870,,,19483,
United States Virgin Islands,VIR,1880,,,18555,
United States Virgin Islands,VIR,1890,,,17671,
United States Virgin Islands,VIR,1900,,,16830,
United States Virgin Islands,VIR,1910,,,16028,
United States Virgin Islands,VIR,1920,,,15265,
United States Virgin Islands,VIR,1930,,,14538,
United States Virgin Islands,VIR,1940,,,13846,
United States Virgin Islands,VIR,1950,,,27100,
United States Virgin Islands,VIR,1951,,,27710,
United States Virgin Islands,VIR,1952,,,28091,
United States Virgin Islands,VIR,1953,,,28460,
United States Virgin Islands,VIR,1954,,,28877,
United States Virgin Islands,VIR,1955,,,29329,
United States Virgin Islands,VIR,1956,,,29823,
United States Virgin Islands,VIR,1957,,,30373,
United States Virgin Islands,VIR,1958,,,30974,
United States Virgin Islands,VIR,1959,,,31626,
United States Virgin Islands,VIR,1960,,,32883,
United States Virgin Islands,VIR,1961,,,35018,
United States Virgin Islands,VIR,1962,,,37572,
United States Virgin Islands,VIR,1963,,,40285,
United States Virgin Islands,VIR,1964,,,43132,
United States Virgin Islands,VIR,1965,,,46304,
United States Virgin Islands,VIR,1966,,,49722,
United States Virgin Islands,VIR,1967,,,53180,
United States Virgin Islands,VIR,1968,,,56635,
United States Virgin Islands,VIR,1969,,,60031,
United States Virgin Islands,VIR,1970,,,63464,
United States Virgin Islands,VIR,1971,,,67131,
United States Virgin Islands,VIR,1972,,,70912,
United States Virgin Islands,VIR,1973,,,74551,
United States Virgin Islands,VIR,1974,,,78012,
United States Virgin Islands,VIR,1975,,,81383,
United States Virgin Islands,VIR,1976,,,84723,
United States Virgin Islands,VIR,1977,,,88002,
United States Virgin Islands,VIR,1978,,,91159,
United States Virgin Islands,VIR,1979,,,94250,
United States Virgin Islands,VIR,1980,,,96654,
United States Virgin Islands,VIR,1981,,,98168,
United States Virgin Islands,VIR,1982,,,99412,
United States Virgin Islands,VIR,1983,,,100557,
United States Virgin Islands,VIR,1984,,,101460,
United States Virgin Islands,VIR,1985,,,101923,
United States Virgin Islands,VIR,1986,,,101934,
United States Virgin Islands,VIR,1987,,,101593,
United States Virgin Islands,VIR,1988,,,101129,
United States Virgin Islands,VIR,1989,,,100760,
United States Virgin Islands,VIR,2020,,,100452,
United States Virgin Islands,VIR,2021,,,100100,
